{"count":1,"self":27.702358399999998,"total":33.6100132,"children":{"InitializeActuators":{"count":4,"self":0.00099739999999999985,"total":0.00099739999999999985,"children":null},"InitializeSensors":{"count":4,"self":0.0099734,"total":0.0099734,"children":null},"AgentSendState":{"count":1452,"self":3.5652044,"total":3.6340396999999998,"children":{"CollectObservations":{"count":1164,"self":0.00099739999999999985,"total":0.00099739999999999985,"children":null},"WriteActionMask":{"count":1164,"self":0.0029985999999999997,"total":0.0029985999999999997,"children":null},"RequestDecision":{"count":1164,"self":0.0648392,"total":0.0648392,"children":null}}},"DecideAction":{"count":1452,"self":2.208134,"total":2.2081341,"children":null},"AgentAct":{"count":1452,"self":0.0535113,"total":0.0535113,"children":null}},"gauges":{},"metadata":{"timer_format_version":"0.1.0","start_time_seconds":"1641257709","unity_version":"2020.3.25f1","command_line_arguments":"D:\\Konrad-Inzynierka\\Unity-Editor\\2020.3.25f1\\Editor\\Unity.exe","communication_protocol_version":"1.5.0","com.unity.ml-agents_version":"2.0.1","scene_name":"Simulation","end_time_seconds":"1641257743"}}