{"count":1,"self":36.3380608,"total":36.892916899999996,"children":{"InitializeActuators":{"count":2,"self":0.00099399999999999987,"total":0.00099399999999999987,"children":null},"InitializeSensors":{"count":2,"self":0.013941499999999999,"total":0.013941499999999999,"children":null},"AgentSendState":{"count":1600,"self":0.303327,"total":0.48923229999999995,"children":{"CollectObservations":{"count":640,"self":0.0029597,"total":0.0029597,"children":null},"WriteActionMask":{"count":640,"self":0.0009973,"total":0.0009973,"children":null},"RequestDecision":{"count":640,"self":0.18194829999999998,"total":0.18194829999999998,"children":null}}},"DecideAction":{"count":1600,"self":0.021865799999999998,"total":0.021865799999999998,"children":null},"AgentAct":{"count":1600,"self":0.0278249,"total":0.0278249,"children":null}},"gauges":{},"metadata":{"timer_format_version":"0.1.0","start_time_seconds":"1640310487","unity_version":"2020.3.25f1","command_line_arguments":"D:\\projekty_unity\\2020.3.25f1\\Editor\\Unity.exe -projectpath D:\/projekty_unity\/projekty\/Engineering-Thesis-Simulating-Ecosystem\/EcosystemSimulation -useHub -hubIPC -cloudEnvironment production -skipUpgradeDialogs -hubSessionId 17a3fd40-6405-11ec-8699-e9a72b0e9179","communication_protocol_version":"1.5.0","com.unity.ml-agents_version":"2.0.1","scene_name":"Simulation","end_time_seconds":"1640310524"}}