{"count":1,"self":152.50291199999998,"total":2134.583094,"children":{"InitializeActuators":{"count":60,"self":0.0019862,"total":0.0019862,"children":null},"InitializeSensors":{"count":60,"self":0.044579999999999995,"total":0.044579999999999995,"children":null},"AgentInfo.ToProto":{"count":30,"self":0,"total":0.0109699,"children":{"GenerateSensorData":{"count":30,"self":0.0109699,"total":0.0109699,"children":null}}},"AgentSendState":{"count":42184,"self":1454.3707136,"total":1482.1035448,"children":{"CollectObservations":{"count":474552,"self":0.943,"total":0.943,"children":null},"WriteActionMask":{"count":474552,"self":0.4190085,"total":0.4190085,"children":null},"RequestDecision":{"count":474552,"self":1.0952339,"total":26.370845499999998,"children":{"AgentInfo.ToProto":{"count":118365,"self":0.42754509999999996,"total":25.275611599999998,"children":{"GenerateSensorData":{"count":118365,"self":24.8480672,"total":24.848066499999998,"children":null}}}}}}},"DecideAction":{"count":39446,"self":487.32933119999996,"total":487.32930999999996,"children":null},"AgentAct":{"count":39446,"self":12.561554399999999,"total":12.5897889,"children":{"AgentInfo.ToProto":{"count":135,"self":0.0009906,"total":0.0282345,"children":{"GenerateSensorData":{"count":135,"self":0.027243899999999998,"total":0.027243899999999998,"children":null}}}}}},"gauges":{"FoxMovement.CumulativeReward":{"count":405,"max":-0.999473155,"min":-0.9999731,"runningAverage":-0.9997231,"value":-0.999723136,"weightedAverage":-0.9997231},"MaleFoxMovement.CumulativeReward":{"count":135,"max":10.2607822,"min":-5.76946545,"runningAverage":2.03041267,"value":0.960312366,"weightedAverage":2.110142}},"metadata":{"timer_format_version":"0.1.0","start_time_seconds":"1641273950","unity_version":"2020.3.25f1","command_line_arguments":"D:\\Konrad-Inzynierka\\Unity-Editor\\2020.3.25f1\\Editor\\Unity.exe","communication_protocol_version":"1.5.0","com.unity.ml-agents_version":"2.0.1","scene_name":"Training-Mating","end_time_seconds":"1641276085"}}