{"count":1,"self":36.6928256,"total":39.596489299999995,"children":{"InitializeActuators":{"count":10,"self":0.00099739999999999985,"total":0.00099739999999999985,"children":null},"InitializeSensors":{"count":10,"self":0.013980099999999999,"total":0.013980099999999999,"children":null},"AgentSendState":{"count":1748,"self":0.7768432,"total":1.1248923,"children":{"CollectObservations":{"count":3500,"self":0.0059844999999999994,"total":0.0059844999999999994,"children":null},"WriteActionMask":{"count":3500,"self":0.0009993,"total":0.0009993,"children":null},"RequestDecision":{"count":3500,"self":0.34106529999999996,"total":0.34106529999999996,"children":null}}},"DecideAction":{"count":1748,"self":1.6311305999999999,"total":1.6311305999999999,"children":null},"AgentAct":{"count":1748,"self":0.1316668,"total":0.1316668,"children":null}},"gauges":{},"metadata":{"timer_format_version":"0.1.0","start_time_seconds":"1641269784","unity_version":"2020.3.25f1","command_line_arguments":"D:\\Konrad-Inzynierka\\Unity-Editor\\2020.3.25f1\\Editor\\Unity.exe","communication_protocol_version":"1.5.0","com.unity.ml-agents_version":"2.0.1","scene_name":"Training-Mating","end_time_seconds":"1641269824"}}