{"count":1,"self":167.3413376,"total":1717.2789034,"children":{"InitializeActuators":{"count":60,"self":0.0019949,"total":0.0019949,"children":null},"InitializeSensors":{"count":60,"self":0.0259854,"total":0.0259854,"children":null},"AgentInfo.ToProto":{"count":96,"self":0.0009979,"total":0.0209499,"children":{"GenerateSensorData":{"count":96,"self":0.019951999999999998,"total":0.019951999999999998,"children":null}}},"AgentSendState":{"count":51151,"self":279.700352,"total":387.54058779999997,"children":{"CollectObservations":{"count":613860,"self":1.159046,"total":1.159046,"children":null},"WriteActionMask":{"count":613860,"self":0.56541089999999994,"total":0.56541089999999994,"children":null},"RequestDecision":{"count":613860,"self":1.8504374,"total":106.11577129999999,"children":{"AgentInfo.ToProto":{"count":491088,"self":1.6878668,"total":104.2653339,"children":{"GenerateSensorData":{"count":491088,"self":102.5774656,"total":102.57746709999999,"children":null}}}}}}},"DecideAction":{"count":51140,"self":1144.2171904,"total":1144.21714,"children":null},"AgentAct":{"count":51140,"self":17.999156799999998,"total":18.129877999999998,"children":{"AgentInfo.ToProto":{"count":576,"self":0,"total":0.1307206,"children":{"GenerateSensorData":{"count":576,"self":0.1307206,"total":0.1307206,"children":null}}}}}},"gauges":{"RabbitMovement.CumulativeReward":{"count":576,"max":19,"min":-4.79999971,"runningAverage":3.57083368,"value":5,"weightedAverage":6.66381168},"FoxMovement.CumulativeReward":{"count":144,"max":0,"min":-7.19999743,"runningAverage":-1.01388884,"value":-1.80000019,"weightedAverage":-0.7817863}},"metadata":{"timer_format_version":"0.1.0","start_time_seconds":"1641248914","unity_version":"2020.3.25f1","command_line_arguments":"D:\\Konrad-Inzynierka\\Unity-Editor\\2020.3.25f1\\Editor\\Unity.exe","communication_protocol_version":"1.5.0","com.unity.ml-agents_version":"2.0.1","scene_name":"Training-EatingCarrot","end_time_seconds":"1641250631"}}