{"count":1,"self":35.5136576,"total":99.95502119999999,"children":{"InitializeActuators":{"count":54,"self":0.0015381,"total":0.0015381,"children":null},"InitializeSensors":{"count":54,"self":0.0281322,"total":0.0281322,"children":null},"AgentSendState":{"count":8217,"self":5.3555639999999993,"total":8.2734451,"children":{"CollectObservations":{"count":43541,"self":0.079028599999999991,"total":0.079028599999999991,"children":null},"WriteActionMask":{"count":43541,"self":0.028462599999999998,"total":0.028462599999999998,"children":null},"RequestDecision":{"count":43541,"self":0.11262699999999999,"total":2.81039,"children":{"AgentInfo.ToProto":{"count":43541,"self":0.0770835,"total":2.6977629999999997,"children":{"GenerateSensorData":{"count":43541,"self":2.6206796,"total":2.6206795,"children":null}}}}}}},"DecideAction":{"count":8217,"self":55.3077888,"total":55.307790999999995,"children":null},"AgentAct":{"count":8217,"self":0.8219482,"total":0.8284404,"children":{"AgentInfo.ToProto":{"count":105,"self":0,"total":0.0064922,"children":{"GenerateSensorData":{"count":105,"self":0.0064922,"total":0.0064922,"children":null}}}}},"AgentInfo.ToProto":{"count":2,"self":0,"total":0.00099779999999999986,"children":{"GenerateSensorData":{"count":2,"self":0.00099779999999999986,"total":0.00099779999999999986,"children":null}}}},"gauges":{"FoxMovement.CumulativeReward":{"count":18,"max":-1.37806928E-05,"min":-0.9999731,"runningAverage":-0.8888666,"value":-0.9999731,"weightedAverage":-0.964098},"RabbitMovement.CumulativeReward":{"count":87,"max":-0.9999731,"min":-0.9999731,"runningAverage":-0.9999731,"value":-0.9999731,"weightedAverage":-0.9999731}},"metadata":{"timer_format_version":"0.1.0","start_time_seconds":"1639744509","unity_version":"2020.3.18f1","command_line_arguments":"C:\\Program Files\\Unity\\Hub\\Editor\\2020.3.18f1\\Editor\\Unity.exe -projectpath C:\/Users\/8Walas\/Projekty\/Engineering-Thesis-Simulating-Ecosystem\/EcosystemSimulation -useHub -hubIPC -cloudEnvironment production -skipUpgradeDialogs -hubSessionId a1693110-5f2f-11ec-af4f-4f8465c2e489","communication_protocol_version":"1.5.0","com.unity.ml-agents_version":"2.0.1","scene_name":"Training-Predator","end_time_seconds":"1639744609"}}