{"count":1,"self":6.8898063999999994,"total":26.060476599999998,"children":{"InitializeActuators":{"count":10,"self":0.0020193,"total":0.0020193,"children":null},"InitializeSensors":{"count":10,"self":0.013937,"total":0.013937,"children":null},"AgentSendState":{"count":2901,"self":6.0374744,"total":7.8223699,"children":{"CollectObservations":{"count":5810,"self":0.032984599999999996,"total":0.032984599999999996,"children":null},"WriteActionMask":{"count":5810,"self":0.013974499999999999,"total":0.013974499999999999,"children":null},"RequestDecision":{"count":5810,"self":0.0453999,"total":1.7379362999999999,"children":{"AgentInfo.ToProto":{"count":5810,"self":0.0388829,"total":1.6925363999999998,"children":{"GenerateSensorData":{"count":5810,"self":1.6536534999999999,"total":1.6536534999999999,"children":null}}}}}}},"DecideAction":{"count":2901,"self":10.934524,"total":10.9345242,"children":null},"AgentAct":{"count":2901,"self":0.39682229999999996,"total":0.39682229999999996,"children":null}},"gauges":{},"metadata":{"timer_format_version":"0.1.0","start_time_seconds":"1640549822","unity_version":"2020.3.25f1","command_line_arguments":"D:\\projekty_unity\\2020.3.25f1\\Editor\\Unity.exe -projectpath D:\/projekty_unity\/projekty\/Engineering-Thesis-Simulating-Ecosystem\/EcosystemSimulation -useHub -hubIPC -cloudEnvironment production -hubSessionId 0d5fa450-6663-11ec-8c30-41ae6c62668d -accessToken hJsggKfj9EPvi8_iE9_eHgHvjlLdJKE4NXsjr20fGAw007f","communication_protocol_version":"1.5.0","com.unity.ml-agents_version":"2.0.1","scene_name":"Training-EatingCarrot","end_time_seconds":"1640549848"}}