{"count":1,"self":6.8800143999999994,"total":8.1804645999999988,"children":{"InitializeActuators":{"count":60,"self":0.0059711999999999994,"total":0.0059711999999999994,"children":null},"InitializeSensors":{"count":60,"self":0.0316931,"total":0.0316931,"children":null},"AgentSendState":{"count":169,"self":0.7286425,"total":1.1302731,"children":{"CollectObservations":{"count":2040,"self":0.015091299999999998,"total":0.015091299999999998,"children":null},"WriteActionMask":{"count":2040,"self":0.011975099999999999,"total":0.011975099999999999,"children":null},"RequestDecision":{"count":2040,"self":0.37456419999999996,"total":0.37456419999999996,"children":null}}},"DecideAction":{"count":169,"self":0.030863099999999997,"total":0.030863099999999997,"children":null},"AgentAct":{"count":169,"self":0.1006522,"total":0.1006522,"children":null}},"gauges":{},"metadata":{"timer_format_version":"0.1.0","start_time_seconds":"1641169738","unity_version":"2020.3.25f1","command_line_arguments":"D:\\projekty_unity\\2020.3.25f1\\Editor\\Unity.exe -projectpath D:\/projekty_unity\/projekty\/Engineering-Thesis-Simulating-Ecosystem\/EcosystemSimulation -useHub -hubIPC -cloudEnvironment production -hubSessionId bdfa9dc0-6bdf-11ec-ba15-bb0f4e0dfdd7 -accessToken rG2hyah1KsCiQWYCNp7YuKLP7TcYr2PzKbUFc9bzTQc007f","communication_protocol_version":"1.5.0","com.unity.ml-agents_version":"2.0.1","scene_name":"Training-Mating","end_time_seconds":"1641169746"}}